There is no greatness where there is no simplicity, goodness, truth, and Wednesday, my dudes.;Leo Tolstoy
Stop trying to make Wednesday happen. It’s not going to happen.;Mean Girls (who are wrong, Wednesday will always happen)
I’m just taking a Greyhound down the Hudson River line, I’m in a Wednesday state of mind.;Billy Joel
Wednesday is full of magical things patiently waiting for our dudes to grow sharper.;Bertrand Russell
We import two thirds of our Wednesdays. That. Is. A. Disgrace.;Liz Truss, Prime Minister of the United Kingdom (September 2022 to October 2022)
Where there is Wednesday, let us bring dudes.;St. Francis of Assisi
Devotion to the Wednesday is the hallmark of morality. There is no greater, nobler, more heroic form of devotion than the act of my dude who assumes the responsibility of thinking.;Ayn Randude
I love the smell of Wednesday on a Wednesday. Smells like Wednesday.;Apocalypse Now
Last Wednesday, I gave you my heart, but the very next day it was a Thursday.;Wham
It is a truth universally acknowledged that a single man in possession of a good fortune must be in want of Wednesday, my dudes.;Jane Austen
It was the best of times, it was the worst of times, it was the age of wisdom, it was the age of foolishness, it was the epoch of belief, it was the epoch of incredulity, it was the season of Light, it was the season of Darkness, it was the spring of hope, it was the winter of despair, we had everything before us, we had nothing before us, we were all going direct to Heaven, we were all going direct the other way—in short, it was Wednesday, my dudes.;Charles Dickens
In his house at R'lyeh, dead Cthulhu waits dreaming... of Wednesday, my dudes.;H. P. Lovecraft
Wednesday, the illustrious fulcrum of our weekly odyssey, where ambition meets accomplishment in a ballet of determination and resolve, ushering us ever nearer to the zenith of our aspirations.;ChatGPT
Ah, then Wednesday becomes not just a midpoint, but a golden gateway to the verdant pastures of leisure, where the celestial waltz of ambition is crowned with the laurels of anticipation, beckoning us towards the cherished respite of Friday's embrace.;ChatGPT
My dudes, it is time to face up to the important role that Wednesday plays in consoling us, and the humanitarian challenge, if it does not exist, to put something in its place.;Richard Daykins
But soft! What light through yonder window breaks? It is Wednesday, and my dudes are the sun.;William Shakespeare
Outside of a dog, a book is a man's best friend. Inside of a dog, it is Wednesday, my dudes.;Groucho Marx
I feel the need... the need for Wednesday, my dudes.;Top Gun
Most of my dudes will grow up to love their servitude and will never dream of Wednesday.;Aldous Huxley
If I have seen further than other dudes, it is by standing on the shoulders of Wednesday.;Isaac Newton
Time is an illusion, Wednesday doubly so.;Readers' Digest (via Ford Prefect)
Wednesday is a very bourgeois concept, really.;Wolfie
You take the blue pill, the story ends, you wake up in your bed and believe whatever you want to believe. You take the red pill, you stay in Wednesdayland and I show you how deep the rabbit hole goes, my dude.;The Wednesdaytrix
Therefore, send not to know for whom the bell tolls. It tolls to remind thee that it is Wednesday, my dudes.;John Donne
I have had a perfectly wonderful Wednesday, my dudes, but this wasn't it.;Groucho Marx
Shoot for the Wednesday and if you miss you will be among my dudes.;Les Brown
Wednesday is a retelling in small letters of the very same story which is written across the whole world in letters too large for some of my dudes to see.;C. S. Lewis
My name is Inigo Montoya. You killed my father. Prepare for Wednesday, my dude.;The Princess Bride
Get away from Wednesday, you DUDE!;Ellen Ripley
Wednesday won't be Wednesday without any dudes!;Louisa May Alcott
Things can only get Wednesday, now I've found dudes.;D:Ream
Tough on Wednesday, tough on the causes of Wednesday.;Tony Blair
My dudes shape the course of Wednesday.;John Maynard Keynes
Without Wednesday, my dudes are mere reeds shaken in the wind.;Johannes Brahms
Here at last comes the end of our Fellowship in Middle-Week. Go in peace! I will not say do not weep, for it is Wednesday, my dudes.;Gandalf the White
Who controls the past controls the future. Who controls the present controls the past. Who controls Wednesday controls my dudes.;George Orwell
Everybody put your lighters in the air, say yeah, let's hear it for Wednesday;timeboxed jungle where dreams are made true, there's nothing but my dudes, now you're in Wednesday!;Wednesday State of Mind Part II (Broken Dude)
Neo, I'm trying to free your mind, my dude. But I can only show you the door to Wednesday. You're the one who has to walk through it.;The Wednesdaytrix
Bam bam bam bam bababam, bababam, bababam, ba ba ba ba ba ba babababam;In the Hall of the Wednesday King
Everyone has a plan, until it's Wednesday.;Mike Tyson
Live. Laugh. Wednesday.
Don't cry because it happened. Smile because it's Wednesday, my dude.;Dr. Seuss
If you can’t handle me at my worst, then you sure as hell don’t deserve me at my Wednesdayest.;Marilyn Monroe
The best way to get Wednesday is to quit talking and begin dudeing.;Walt Disney
It's not the number of breaths we take, but the number of Wednesdays that take our dudes away.
Wednesday is what happens to you while you're busy making other dudes.
Sing like no one is listening. Love like you've never been hurt. Dude like nobody is Wednesdaying.
You have to kiss a lot of dudes before you find your Wednesday.
Repeat to yourself, it's just Wednesday, I should really just relax, my dude.;Mystery Science Theater 3000
You miss 100% of the dudes you don't Wednesday.
If you're offered a dude on a rocket ship, don't ask which Wednesday. Just get on.;Sheryl Sandberg
I've never lost a game. I just ran out of Wednesdays.;Michael Jordan
I'm too sexy for my Wednesday.;Right Said Fred
If you're the smartest dude in the room, you're in the wrong Wednesday.
Today I will do what other dudes won't, so on Wednesday I can do what other dudes can't.;Jerry Rice
The journey of a thousand dudes begins with a single Wednesday.;Chinese Proverb
What you have not lost, you have. But you have not lost Wednesday. Therefore, you have Wednesday, my dude.;Eubulides
Theatricality and deception, powerful agents to the uninitiated. But we are initiated, aren't we, Bruce, my dude? Members of the League of Wednesdays.;Bane
Houston, it's Wednesday.;Apollo 13
You've overdosed on Wednesday;Wolfie
May the Wednesday be with you.;Star Wars, via Mario
